일자,종합지수,전일비,,등락률,거래대금,개인,외국인,기관계,금융투자,보험,투신,기타금융,은행,연기금등,사모펀드,국가,기타법인
2026/07/31,"6,595.45",▲,"1,001.89","+17.91%","495,676","-96,284","+85,703","+8,222","-12,159","-1,058","+12,521","+463","-35","+1,644","+6,848","0","+2,810"
2026/07/30,"5,593.56",▼,"-69.68","-1.23%","383,209","-16,099","+15,465","+350","-2,917","+1,053","-2,134","+199","-164","+3,807","+506","0","+280"
2026/07/29,"5,663.24",▼,"-360.42","-5.98%","492,173","-37,693","-4,744","+41,351","+26,977","+1,260","+3,400","+64","-126","+3,380","+6,396","0","+1,134"
2026/07/28,"6,023.66",▼,"-732.09","-10.84%","360,739","+49,889","-51,382","+1,424","+7,426","+214","-11,531","-27","-195","+1,165","+4,371","0","-242"
2026/07/27,"6,755.75",▲,"65.13","+0.97%","242,946","+21,084","-29,929","+8,639","+5,085","+614","+4,256","-7","-100","-723","-487","0","+10"
2026/07/24,"6,690.62",▼,"-406.27","-5.72%","309,919","+61,062","-41,512","-20,051","-9,250","-1,751","-6,802","+40","+12","+323","-2,624","0","+223"
2026/07/23,"7,096.89",▲,"299.19","+4.40%","268,560","-24,296","+24,954","-346","-11,688","+266","+7,246","-54","+43","+730","+3,111","0","-140"
2026/07/22,"6,797.70",▲,"49.75","+0.74%","285,740","-19,531","+35,622","-15,690","-11,703","+162","-705","+23","-3","-707","-2,757","0","-266"
2026/07/21,"6,747.95",▲,"231.68","+3.56%","248,107","-22,887","+7,985","+15,661","+10,652","+1,157","+4,509","-78","+4","+600","-1,182","0","-571"
2026/07/20,"6,516.27",▼,"-304.33","-4.46%","296,905","+8,762","+2,651","-12,572","-8,576","+583","-2,863","-41","-7","+752","-2,420","0","+1,180"
2026/07/16,"6,820.60",▼,"-463.81","-6.37%","298,206","+50,624","-20,698","-31,684","-18,531","-545","-6,102","+30","+6","+591","-7,132","0","+1,459"
2026/07/15,"7,284.41",▲,"427.58","+6.24%","344,882","-26,353","+25,424","+815","-9,445","-421","+8,623","+69","+43","+205","+1,741","0","+170"
2026/07/14,"6,856.83",▲,"49.90","+0.73%","466,979","-57,517","+19,375","+38,921","+25,077","+1,477","-68","-111","-344","+868","+12,022","0","-415"
2026/07/13,"6,806.93",▼,"-669.01","-8.95%","401,438","+40,569","-16,640","-24,403","-2,767","+92","-16,414","+510","-562","-668","-4,595","0","+215"
2026/07/10,"7,475.94",▲,"184.03","+2.52%","315,769","-8,943","-3,598","+13,055","+14,263","+548","-4,309","+458","+69","+355","+1,671","0","-630"
2026/07/09,"7,291.91",▲,"45.12","+0.62%","395,566","-22,476","+4,339","+18,509","+7,553","+1,097","+9,145","+448","+1","+736","-471","0","-292"
2026/07/08,"7,246.79",▼,"-409.52","-5.35%","424,654","-6,914","+8,110","-1,985","+3,669","+477","-5,378","+398","-57","-936","-157","0","+681"
2026/07/07,"7,656.31",▼,"-395.02","-4.91%","407,174","+35,222","-33,236","-3,211","+4,659","+475","-8,696","+474","-53","+285","-354","0","+987"
2026/07/06,"8,051.33",▼,"-37.01","-0.46%","320,028","+35,931","-19,096","-18,121","-16,734","-115","-25","+540","+126","-338","-1,574","0","+1,024"
2026/07/03,"8,088.34",▲,"440.25","+5.76%","454,920","-25,646","-22,843","+47,452","+33,327","+1,041","+10,138","+391","+146","+558","+1,852","0","+1,240"
2026/07/02,"7,648.09",▼,"-655.32","-7.89%","499,009","+74,650","-49,149","-29,742","-11,517","+545","-14,744","+460","+9","-534","-3,961","0","+3,684"
2026/07/01,"8,303.41",▼,"-173.07","-2.04%","399,986","+22,810","-23,112","-281","-1,278","+482","+820","+476","+49","-2,182","+1,353","0","+405"
2026/06/30,"8,476.48",▲,"81.83","+0.97%","420,993","+4,761","-37,165","+31,966","+17,386","+922","+10,063","+44","+14","-394","+3,931","0","+239"
2026/06/29,"8,394.65",▼,"-16.56","-0.20%","426,844","+49,573","-82,791","+30,327","+33,128","+36","-4,342","-20","-112","+581","+1,057","0","+2,471"
2026/06/26,"8,411.21",▼,"-519.09","-5.81%","539,975","+93,695","-52,392","-45,004","-27,728","-306","-14,037","+8","-11","-528","-2,402","0","+3,217"
2026/06/25,"8,930.30",▲,"459.28","+5.42%","519,736","-31,440","-7,751","+39,336","+28,948","-1,088","+8,046","-26","+62","-99","+3,493","0","+38"
2026/06/24,"8,471.02",▲,"267.18","+3.26%","554,990","+30,716","-53,330","+20,615","+17,812","-104","+887","+36","+27","+132","+1,826","0","+1,897"
2026/06/23,"8,203.84",▼,"-910.71","-9.99%","614,285","+115,515","-62,469","-55,244","-31,848","-995","-13,913","-80","-167","-2,929","-5,313","0","+1,372"
2026/06/22,"9,114.55",▲,"62.13","+0.69%","419,095","+34,921","-35,860","-38","+3,167","-859","+3,277","-147","-19","-1,801","-3,655","0","+821"
2026/06/19,"9,052.42",▼,"-11.42","-0.13%","672,551","+31,077","-13,254","-16,807","-4,410","-2,564","-43","-1","+42","-5,277","-4,554","0","-1,073"
2026/06/18,"9,063.84",▲,"199.60","+2.25%","507,802","-4,252","+13,962","-8,082","+1,207","-1,551","-655","-29","+80","-3,921","-3,214","0","-1,705"
2026/06/17,"8,864.24",▲,"137.64","+1.58%","358,460","+10,723","-16,620","+7,087","+6,898","-649","+5,438","+78","-87","-1,676","-2,914","0","-1,119"
2026/06/16,"8,726.60",▲,"180.62","+2.11%","405,685","-24,798","+15,016","+10,300","+4,622","-325","+5,251","-374","+47","-342","+1,421","0","-478"
2026/06/15,"8,545.98",▲,"422.36","+5.20%","399,922","-22,686","+16,250","+6,955","+7,785","-581","+978","+172","+14","+253","-1,665","0","-245"
2026/06/12,"8,123.62",▲,"359.67","+4.63%","522,576","-50,968","+27,377","+25,536","+22,510","-587","+5,303","-70","+114","-3,263","+1,529","0","-1,763"
2026/06/11,"7,763.95",▲,"33.13","+0.43%","464,007","+24,817","-20,745","-6,257","-13,404","+1,039","+5,019","-25","-17","-1,127","+2,260","0","+2,040"
2026/06/10,"7,730.82",▼,"-366.11","-4.52%","399,448","+54,003","-32,157","-24,394","-16,006","+520","-4,772","+25","+44","-2,664","-1,541","0","+2,203"
2026/06/09,"8,096.93",▲,"612.52","+8.18%","467,154","-10,195","-19,156","+27,849","+21,597","-883","+9,394","+20","+178","-233","-2,223","0","+1,658"
2026/06/08,"7,484.41",▼,"-676.18","-8.29%","483,388","+27,213","-1,811","-28,725","-25,414","+143","-4,589","+143","-210","+485","+716","0","+3,017"
2026/06/05,"8,160.59",▼,"-478.82","-5.54%","485,195","+60,481","-37,949","-23,284","-13,805","-67","-3,779","+89","-124","-607","-4,990","0","+469"
2026/06/04,"8,639.41",▼,"-162.08","-1.84%","476,385","+61,919","-77,490","+13,241","+12,485","-475","+2,830","+147","-19","-514","-1,214","0","+1,940"
2026/06/02,"8,801.49",▲,"13.11","+0.15%","691,096","+84,221","-79,698","-3,505","+1,414","-736","-2,009","+51","-21","+711","-2,915","0","-1,476"
2026/06/01,"8,788.38",▲,"312.23","+3.68%","743,300","+5,789","-29,297","+24,629","+26,354","-2,545","+1,854","-65","-113","-251","-605","0","-1,218"
2026/05/29,"8,476.15",▲,"290.86","+3.55%","803,325","-21,702","-7,542","+27,356","+21,714","-434","+4,227","-25","-7","+902","+980","0","+1,594"
2026/05/28,"8,185.29",▼,"-43.41","-0.53%","532,417","+44,079","-35,084","-10,813","-3,716","-231","-6,609","+26","-79","-342","+137","0","+1,823"
2026/05/27,"8,228.70",▲,"181.19","+2.25%","568,320","+3,730","+45","-381","+10,271","-3,159","-3,210","-144","-204","-3,935","+1","0","-3,466"
2026/05/26,"8,047.51",▲,"199.80","+2.55%","408,026","-12,092","+1,046","+11,857","+5,406","-1,961","+8,732","-91","-309","-1,176","+1,255","0","-854"
2026/05/22,"7,847.71",▲,"32.12","+0.41%","312,294","+17,570","-26,541","+7,754","+7,600","-651","+18","+117","+6","-1,196","+1,861","0","+1,234"
2026/05/21,"7,815.59",▲,"606.64","+8.42%","431,870","-26,447","-6,591","+32,237","+28,928","-606","+3,484","-190","+49","-958","+1,529","0","+590"
2026/05/20,"7,208.95",▼,"-62.71","-0.86%","404,010","+14,483","-29,392","+12,568","+11,133","+63","+759","+140","+40","-1,491","+1,924","0","+2,124"
2026/05/19,"7,271.66",▼,"-244.38","-3.25%","379,609","+66,252","-68,361","+2,339","+4,016","-15","-685","+165","-43","-1,341","+241","0","-414"
2026/05/18,"7,516.04",▲,"22.86","+0.31%","446,091","+25,931","-41,363","+15,272","+15,716","-121","-304","+86","-251","+14","+132","0","+94"
2026/05/15,"7,493.18",▼,"-488.23","-6.12%","595,484","+81,523","-63,359","-20,738","-12,602","-286","-3,987","-8","-26","-962","-2,867","0","+1,826"
2026/05/14,"7,981.41",▲,"137.40","+1.75%","516,969","+29,592","-29,181","-2,800","+7,922","-1,752","-3,704","-225","-121","-1,942","-2,977","0","+1,989"
2026/05/13,"7,844.01",▲,"200.86","+2.63%","504,640","+22,252","-38,474","+13,611","+15,442","-630","-27","-332","+67","-2,376","+1,467","0","+2,303"
2026/05/12,"7,643.15",▼,"-179.09","-2.29%","671,145","+78,882","-67,162","-12,500","-7,430","-1,410","-19","-189","-120","-1,864","-1,468","0","+493"
2026/05/11,"7,822.24",▲,"324.24","+4.32%","518,434","+33,778","-34,770","+746","+9,930","-4,035","-2,907","+380","+20","-3,023","+381","0","-70"
2026/05/08,"7,498.00",▲,"7.95","+0.11%","407,926","+49,879","-61,004","+9,325","+12,649","-815","-1,031","+50","-6","-513","-1,009","0","+1,645"
2026/05/07,"7,490.05",▲,"105.49","+1.43%","511,124","+82,653","-80,222","-330","+11,135","-832","-3,930","-22","-246","+495","-6,931","0","-2,354"
2026/05/06,"7,384.56",▲,"447.57","+6.45%","600,003","-7,716","+34,226","-22,638","-7,383","-5,132","-5,389","+4","-117","-1,548","-3,074","0","-3,894"
2026/05/04,"6,936.99",▲,"338.12","+5.12%","426,960","-61,632","+39,109","+24,208","+23,028","-1,224","-610","+80","-78","-506","+3,520","0","-1,347"
2026/04/30,"6,598.87",▼,"-92.03","-1.38%","358,085","+16,393","-16,400","+112","+3,555","-472","-667","+119","-32","+344","-2,735","0","-193"
2026/04/29,"6,690.90",▲,"49.88","+0.75%","314,533","+1,794","-2,271","+1,010","-2,081","+125","+1,081","-122","-26","-109","+2,143","0","-613"
2026/04/28,"6,641.02",▲,"25.99","+0.39%","376,226","+6,722","-5,189","-519","+2,551","-1,227","-736","+23","-266","-284","-579","0","-1,102"
2026/04/27,"6,615.03",▲,"139.40","+2.15%","334,103","-23,868","+10,968","+13,457","+17,310","-919","-405","+79","-145","-1,757","-706","0","-482"
2026/04/24,"6,475.63",▼,"-0.18","0%","302,029","+16,234","-21,245","+5,370","+8,015","-409","+603","-67","-390","-258","-2,124","0","-339"
2026/04/23,"6,475.81",▲,"57.88","+0.90%","406,042","+4,544","-4,003","+72","+3,199","-1,031","-2,222","-69","-14","+225","-15","0","-645"
2026/04/22,"6,417.93",▲,"29.46","+0.46%","310,290","+17,628","-7,342","-9,189","-8,747","-270","+298","-53","+55","+984","-1,455","0","-1,223"
2026/04/21,"6,388.47",▲,"169.38","+2.72%","311,059","-22,978","+15,467","+9,465","+10,017","-989","-151","-99","-206","+623","+269","0","-1,996"
2026/04/20,"6,219.09",▲,"27.17","+0.44%","235,764","-4,181","-2,559","+4,256","+6,600","-610","-403","-119","+33","+84","-1,329","0","+2,466"
2026/04/17,"6,191.92",▼,"-34.13","-0.55%","246,195","+17,209","-21,955","+563","+3,918","-622","-364","-188","-85","-763","-1,332","0","+4,094"
2026/04/16,"6,226.05",▲,"134.66","+2.21%","270,468","-17,998","+6,624","+8,822","+10,676","-447","-609","-188","-7","-294","-309","0","+2,480"
2026/04/15,"6,091.39",▲,"123.64","+2.07%","316,156","-7,431","+5,049","-1,361","+5,749","-1,459","-2,378","-1","+9","-1,146","-2,134","0","+3,680"
2026/04/14,"5,967.75",▲,"159.13","+2.74%","271,285","-26,090","+9,164","+14,113","+14,859","-653","-319","-55","-129","-258","+669","0","+2,923"
2026/04/13,"5,808.62",▼,"-50.25","-0.86%","214,565","+9,810","-4,411","-9,535","-7,012","-295","+713","+120","+208","-1,733","-1,535","0","+4,056"
2026/04/10,"5,858.87",▲,"80.86","+1.40%","237,460","-12,304","+9,698","-1,323","+1,794","-215","-2,084","+143","-218","-416","-327","0","+3,917"
2026/04/09,"5,778.01",▼,"-94.33","-1.61%","334,734","+4,152","+14,112","-23,591","+6,956","+335","+27","+208","-31,117","+49","-49","0","+4,101"
2026/04/08,"5,872.34",▲,"377.56","+6.87%","363,069","-70,005","+25,030","+37,710","+36,706","-648","+258","+65","+55","-2,087","+3,361","0","+7,709"
2026/04/07,"5,494.78",▲,"44.45","+0.82%","237,193","-4,767","+3,319","-2,380","-2,235","+127","+899","+254","+33","-817","-640","0","+4,030"
2026/04/06,"5,450.33",▲,"73.03","+1.36%","217,611","-9,761","-2,110","+7,764","+8,204","+99","+867","+283","-135","-850","-704","0","+4,094"
2026/04/03,"5,377.30",▲,"143.25","+2.74%","222,346","-24,371","+9,336","+9,047","+4,141","+93","+2,227","-36","+28","-557","+3,151","0","+5,987"
2026/04/02,"5,234.05",▼,"-244.65","-4.47%","332,900","+13,533","-4,155","-13,159","-15,434","+279","-212","+279","+75","+92","+1,764","0","+3,669"
2026/04/01,"5,478.70",▲,"426.24","+8.44%","289,024","-42,600","-4,277","+42,337","+34,942","-136","+3,655","+271","+13","-188","+3,780","0","+4,762"
2026/03/31,"5,052.46",▼,"-224.84","-4.26%","298,376","+29,362","-42,362","+9,569","+8,998","+453","+367","+111","-40","-289","-32","0","+3,332"
2026/03/30,"5,277.30",▼,"-161.57","-2.97%","208,274","+15,860","-25,363","+5,315","+5,076","+93","+667","+134","-80","-806","+231","0","+4,059"
2026/03/27,"5,438.87",▼,"-21.59","-0.40%","236,593","+28,365","-37,036","+5,008","+2,289","+436","+1,877","+169","-10","-224","+471","0","+3,485"
2026/03/26,"5,460.46",▼,"-181.75","-3.22%","256,153","+38,044","-34,006","-5,892","+1,048","+75","-2,669","+95","-122","-2,420","-1,900","0","+1,599"
2026/03/25,"5,642.21",▲,"88.29","+1.59%","246,420","-18,886","-11,433","+27,212","+27,440","-312","+390","+135","+2","+147","-591","0","+3,173"
2026/03/24,"5,553.92",▲,"148.17","+2.74%","249,323","+2,465","-19,201","+13,826","+14,176","-320","+151","+135","-12","+434","-738","0","+2,999"
2026/03/23,"5,405.75",▼,"-375.45","-6.49%","272,432","+81,882","-40,676","-46,685","-36,992","+159","-3,450","+69","+65","-1,617","-4,918","0","+5,126"
2026/03/20,"5,781.20",▲,"17.98","+0.31%","340,258","+28,873","-14,778","-15,155","+3","-14,326","-798","+41","-8","+606","-674","0","+901"
2026/03/19,"5,763.22",▼,"-161.81","-2.73%","229,946","+36,042","-26,680","-11,017","-10,014","+24","+31","+172","+38","-631","-638","0","+1,468"
2026/03/18,"5,925.03",▲,"284.55","+5.04%","268,517","-45,326","+11,929","+34,897","+34,942","-444","+14","+138","+68","+954","-776","0","-1,360"
2026/03/17,"5,640.48",▲,"90.63","+1.63%","223,038","-6,409","-2,834","+9,239","+6,037","-473","+2,241","+161","-14","+812","+475","0","-57"
2026/03/16,"5,549.85",▲,"62.61","+1.14%","217,602","+8,032","-8,510","-172","-1,348","+135","-236","+248","-14","+448","+595","0","+641"
2026/03/13,"5,487.24",▼,"-96.01","-1.72%","237,196","+32,649","-18,507","-14,599","-13,316","+13","-1,482","+220","+32","+282","-348","0","+303"
2026/03/12,"5,583.25",▼,"-26.70","-0.48%","236,981","+31,073","-30,111","-2,402","-3,745","+125","+556","-55","+12","-374","+1,079","0","+1,331"
2026/03/11,"5,609.95",▲,"77.36","+1.40%","266,192","-3,886","-3,104","+7,185","+6,654","-269","+337","+236","+94","-893","+1,026","0","-202"
2026/03/10,"5,532.59",▲,"280.72","+5.35%","287,133","-28,348","+15,346","+14,560","+12,694","-447","+717","+279","+25","-111","+1,404","0","-1,292"
2026/03/09,"5,251.87",▼,"-333.00","-5.96%","331,638","+50,526","-35,168","-17,697","-13,464","+111","-2,457","+325","-173","-1,006","-1,033","0","+2,039"
2026/03/06,"5,584.87",▲,"0.97","+0.02%","314,024","+38,775","-24,335","-15,031","-9,370","-273","-2,234","+347","+47","-1,747","-1,801","0","+465"
2026/03/05,"5,583.90",▲,"490.36","+9.63%","453,089","+25,263","-4,908","-21,118","-16,444","-640","-878","-261","-720","-851","-1,325","0","+411"
2026/03/04,"5,093.54",▼,"-698.37","-12.06%","628,827","-6,508","+2,405","-593","-92","+598","-1,509","-146","-244","-762","+1,562","0","+4,705"
2026/03/03,"5,791.91",▼,"-452.22","-7.24%","528,005","+61,782","-54,214","-10,213","-8,910","+424","-157","-319","-306","+398","-1,344","0","+2,450"
2026/02/27,"6,244.13",▼,"-63.14","-1.00%","549,393","+74,190","-77,476","+626","+6,666","-654","-2,705","+65","-4","-2,282","-460","0","+2,388"
2026/02/26,"6,307.27",▲,"223.41","+3.67%","389,300","+13,262","-25,029","+9,539","+13,691","-2,083","+355","+87","-100","-1,005","-1,405","0","+2,206"
2026/02/25,"6,083.86",▲,"114.22","+1.91%","352,845","+5,733","-14,839","+12,888","+18,334","-1,314","-3,232","+32","-6","+748","-1,675","0","-3,828"
2026/02/24,"5,969.64",▲,"123.55","+2.11%","313,727","-23,447","-2,655","+25,194","+28,216","-466","-1,454","-125","+15","-720","-272","0","+1,091"
2026/02/23,"5,846.09",▲,"37.56","+0.65%","320,441","+12,952","-15,404","+1,143","+7,112","-1,600","-1,710","-50","-21","-2,674","+87","0","+1,327"
2026/02/20,"5,808.53",▲,"131.28","+2.31%","331,196","-8,529","-9,158","+17,071","+20,532","-741","-526","-314","+9","-1,421","-468","0","+587"
2026/02/19,"5,677.25",▲,"170.24","+3.09%","289,459","-5,232","-11,337","+16,005","+16,220","-1,452","+637","+39","-26","+151","+437","0","+551"
2026/02/13,"5,507.01",▼,"-15.26","-0.28%","308,209","+10,748","-11,817","+154","+1,147","-688","-948","+62","-25","+563","+44","0","+843"
2026/02/12,"5,522.27",▲,"167.78","+3.13%","323,226","-50,149","+31,929","+17,835","+14,475","-815","+1,494","+162","+201","+725","+1,594","0","+535"
2026/02/11,"5,354.49",▲,"52.80","+1.00%","256,258","-16,566","+8,575","+6,184","+4,512","-350","+982","+111","-12","-260","+1,201","0","+1,937"
2026/02/10,"5,301.69",▲,"3.65","+0.07%","232,759","-9,407","+1,088","+6,359","+8,177","-249","-419","+82","-49","-988","-197","0","+1,937"
2026/02/09,"5,298.04",▲,"208.90","+4.10%","264,541","-42,472","+6,075","+34,721","+31,385","-428","+1,994","-22","-95","-821","+2,710","0","+1,740"
2026/02/06,"5,089.14",▼,"-74.43","-1.44%","299,123","+25,159","-37,615","+10,644","+7,214","+239","+1,447","-44","+212","+1,323","+251","0","+1,740"
2026/02/05,"5,163.57",▼,"-207.53","-3.86%","323,856","+84,983","-62,030","-26,214","-23,495","+332","-619","-23","+208","-980","-1,638","0","+2,949"
2026/02/04,"5,371.10",▲,"83.02","+1.57%","304,334","-7,620","-12,260","+17,858","+15,364","-234","+976","+33","+177","+294","+1,247","0","+2,046"
2026/02/03,"5,288.08",▲,"338.41","+6.84%","300,159","-33,296","+8,932","+23,764","+16,474","-149","+3,488","+472","+21","+958","+2,500","0","+720"
2026/02/02,"4,949.67",▼,"-274.69","-5.26%","320,906","+55,235","-32,415","-24,584","-24,055","+522","+240","+193","-6","-406","-1,072","0","+1,554"
2026/01/30,"5,224.36",▲,"3.11","+0.06%","354,933","+27,566","-21,701","-6,435","-2,421","-1,407","-1,412","-182","+141","-305","-847","0","+502"
2026/01/29,"5,221.25",▲,"50.44","+0.98%","358,702","+21,839","-17,608","-4,575","-5","-713","-1,517","-259","+13","-1,195","-898","0","+270"
2026/01/28,"5,170.81",▲,"85.96","+1.69%","308,564","+17,356","-274","-15,345","-6,879","-1,434","-1,581","-2,262","+81","-906","-2,365","0","-1,829"
2026/01/27,"5,084.85",▲,"135.26","+2.73%","284,963","-10,551","+8,761","+2,827","+6,384","-736","-2,186","+16","+87","-574","-164","0","-940"
2026/01/26,"4,949.59",▼,"-40.48","-0.81%","228,429","+22,055","-4,238","-17,844","-11,883","-340","-2,038","-171","-75","-1,730","-1,607","0","-123"
2026/01/23,"4,990.07",▲,"37.54","+0.76%","300,171","-6,056","+27","+5,061","+9,337","-189","-851","-43","-69","-2,741","-383","0","+963"
2026/01/22,"4,952.53",▲,"42.60","+0.87%","329,196","+9,920","-9,417","-3,045","+1,439","-1,922","-362","+20","+16","-2,078","-159","0","+2,448"
2026/01/21,"4,909.93",▲,"24.18","+0.49%","300,930","-10,021","+2,802","+4,785","+4,472","-230","+56","+57","-58","-559","+1,046","0","+2,591"
2026/01/20,"4,885.75",▼,"-18.91","-0.39%","271,488","+6,476","-1,456","-6,213","-1,749","-363","-922","-140","+34","-1,734","-1,338","0","+1,128"
2026/01/19,"4,904.66",▲,"63.92","+1.32%","252,147","-6,658","+4,531","-316","+1,914","-490","-450","+7","+32","-1,186","-143","0","+2,357"
2026/01/16,"4,840.74",▲,"43.19","+0.90%","269,481","-7,849","+1,944","+4,216","+5,888","-788","+274","-46","-10","-891","-211","0","+1,700"
2026/01/15,"4,797.55",▲,"74.45","+1.58%","238,261","-18,133","+3,381","+13,129","+14,968","-281","+6","-69","-58","-372","-1,066","0","+1,905"
2026/01/14,"4,723.10",▲,"30.46","+0.65%","242,174","-2,289","-6,297","+6,137","+6,288","-398","-168","+69","-3","+149","+199","0","+2,369"
2026/01/13,"4,692.64",▲,"67.85","+1.47%","252,406","-10,113","-1,515","+9,456","+9,325","-821","+1,171","+11","+103","+17","-351","0","+2,157"
2026/01/12,"4,624.79",▲,"38.47","+0.84%","230,737","+212","-4,852","+2,232","+6,000","-1,341","+633","-81","+45","-509","-2,516","0","+2,414"
2026/01/09,"4,586.32",▲,"33.95","+0.75%","234,788","+3,169","-18,379","+12,287","+11,950","-506","+342","+3","+127","+528","-157","0","+2,842"
2026/01/08,"4,552.37",▲,"1.31","+0.03%","274,769","+18,573","-5,101","-16,125","-10,382","-463","-1,978","+16","+12","-1,510","-1,819","0","+2,594"
2026/01/07,"4,551.06",▲,"25.58","+0.57%","291,399","-625","+12,011","-11,002","-4,958","-1,452","-2,216","+42","+64","-947","-1,535","0","-388"
2026/01/06,"4,525.48",▲,"67.96","+1.52%","255,182","+7,790","-7,945","-1,118","+1,408","-243","-1,048","-58","+64","-782","-458","0","+1,059"
2026/01/05,"4,457.52",▲,"147.89","+3.43%","227,838","-14,676","+23,013","-8,484","-1,792","-1,597","-2,593","-49","+85","-1,590","-948","0","+239"
2026/01/02,"4,309.63",▲,"95.46","+2.27%","175,218","-4,543","+7,117","-2,916","-1,544","-615","-750","-92","+72","-198","+211","0","+454"
2025/12/30,"4,214.17",▼,"-6.39","-0.15%","132,134","+9,415","-5,215","-4,361","-2,903","-73","-248","-6","+23","-1,084","-70","0","+61"
2025/12/29,"4,220.56",▲,"90.88","+2.20%","145,351","+3,068","+4,139","-5,944","-6,471","-561","+268","-15","-7","+379","+462","0","-1,249"
2025/12/26,"4,129.68",▲,"21.06","+0.51%","162,735","-24,040","+17,633","+5,239","+5,876","-243","-241","-161","-13","-977","+998","0","+1,198"
2025/12/24,"4,108.62",▼,"-8.70","-0.21%","121,149","-7,052","+4,836","+2,211","+2,678","-82","-262","-11","+6","+329","-448","0","-28"
2025/12/23,"4,117.32",▲,"11.39","+0.28%","134,607","-12,995","+9,261","+3,937","+5,654","-299","-1,208","+13","-20","-374","+171","0","-209"
2025/12/22,"4,105.93",▲,"85.38","+2.12%","130,137","-28,849","+12,009","+17,312","+17,445","-231","-342","-41","+7","+204","+269","0","-324"
2025/12/19,"4,020.55",▲,"26.04","+0.65%","164,703","-1,507","-7,857","+8,921","+10,015","-468","-245","-300","-4","-411","+335","0","+548"
2025/12/18,"3,994.51",▼,"-61.90","-1.53%","130,775","+4,746","-4,168","-919","+1,794","-233","-671","-12","-5","-847","-945","0","+323"
2025/12/17,"4,056.41",▲,"57.28","+1.43%","129,682","-3,951","0","+3,767","+4,222","+50","-173","-4","+29","-292","-66","0","+227"
2025/12/16,"3,999.13",▼,"-91.46","-2.24%","165,255","+14,266","-11,306","-3,004","+904","-606","-2,457","-69","-67","+137","-846","0","+2"
2025/12/15,"4,090.59",▼,"-76.57","-1.84%","154,383","+16,853","-10,820","-6,288","-5,398","-83","-528","-19","-11","+1,172","-1,421","0","+267"
2025/12/12,"4,167.16",▲,"56.54","+1.38%","165,457","-15,435","+815","+14,658","+15,077","-118","-1,034","+9","+14","+892","-182","0","-1"
2025/12/11,"4,110.62",▼,"-24.38","-0.59%","203,084","+4,067","+3,686","-7,819","-6,940","-233","-159","-170","+34","-174","-178","0","+54"
2025/12/10,"4,135.00",▼,"-8.55","-0.21%","126,257","-101","+3,214","-3,375","-982","-601","-947","+2","-35","+157","-969","0","+247"
2025/12/09,"4,143.55",▼,"-11.30","-0.27%","133,287","+1,007","-1,814","+158","-1,310","-149","+107","-91","+3","+998","+600","0","+592"
2025/12/08,"4,154.85",▲,"54.80","+1.34%","152,078","-2,860","+2,677","-530","-1,682","-210","+400","+34","-43","-155","+1,127","0","+746"
2025/12/05,"4,100.05",▲,"71.54","+1.78%","163,088","-23,049","+11,135","+12,168","+9,310","+61","+841","+50","+53","+59","+1,794","0","-146"
2025/12/04,"4,028.51",▼,"-7.79","-0.19%","137,161","+7,903","-8,364","+203","+2","-42","-276","+17","-81","+522","+61","0","+222"
2025/12/03,"4,036.30",▲,"41.37","+1.04%","133,757","-7,621","+1,905","+6,823","+4,313","+144","+378","-222","-8","+625","+1,591","0","-1,148"
2025/12/02,"3,994.93",▲,"74.56","+1.90%","124,391","-17,665","+13,124","+4,986","+3,514","-22","+343","+10","-168","+707","+601","0","-364"
2025/12/01,"3,920.37",▼,"-6.22","-0.16%","118,055","+1,011","+1,659","-2,271","-665","-99","+294","+18","-101","-1,051","-668","0","-452"
2025/11/28,"3,926.59",▼,"-60.32","-1.51%","119,273","+17,667","-22,286","+4,559","+8,454","-384","-763","+60","-8","-1,367","-1,433","0","+49"
2025/11/27,"3,986.91",▲,"26.04","+0.66%","130,089","-5,400","+1,672","+3,767","+2,290","-75","+867","+82","-28","-4","+636","0","+34"
2025/11/26,"3,960.87",▲,"103.09","+2.67%","157,777","-21,375","+6,399","+14,447","+12,487","-34","+1,084","+72","-121","+365","+595","0","+639"
2025/11/25,"3,857.78",▲,"11.72","+0.30%","132,758","-769","-566","+1,425","+1,091","+96","+83","+91","-17","-611","+693","0","-163"
2025/11/24,"3,846.06",▼,"-7.20","-0.19%","214,112","-7,052","-6,980","+14,235","+12,826","-137","+608","+68","+1","-453","+1,323","0","-146"
2025/11/21,"3,853.26",▼,"-151.59","-3.79%","141,669","+26,838","-30,943","+3,470","+2,986","+159","-615","-30","-3","+849","+123","0","+455"
2025/11/20,"4,004.85",▲,"75.34","+1.92%","151,435","-12,346","+5,384","+7,725","+7,618","-34","+189","+92","+54","-315","+120","0","-718"
2025/11/19,"3,929.51",▼,"-24.11","-0.61%","145,869","+5,275","-12,840","+7,478","+5,743","-87","+930","+72","+1","+61","+757","0","+78"
2025/11/18,"3,953.62",▼,"-135.63","-3.32%","140,774","+15,544","-8,262","-7,426","-4,871","+31","-434","+77","-63","-577","-1,590","0","+85"
2025/11/17,"4,089.25",▲,"77.68","+1.94%","143,529","-6,419","+5,743","+186","+548","-76","+303","-122","+21","-510","+22","0","+463"
2025/11/14,"4,011.57",▼,"-159.06","-3.81%","179,686","+38,968","-28,643","-10,434","-7,820","+59","-457","+94","-55","-66","-2,190","0","-12"
2025/11/13,"4,170.63",▲,"20.24","+0.49%","175,170","-1,324","+9,583","-7,844","-8,072","+1","+23","+49","-20","+263","-88","0","-409"
2025/11/12,"4,150.39",▲,"44.00","+1.07%","156,706","-4,098","-4,154","+8,407","+8,053","+132","+86","+39","+15","-452","+533","0","-175"
2025/11/11,"4,106.39",▲,"33.15","+0.81%","201,188","-516","+161","+136","+1,516","-558","+197","-10","-99","-894","-15","0","+171"
2025/11/10,"4,073.24",▲,"119.48","+3.02%","166,856","-13,692","-535","+13,393","+9,453","-69","+1,452","+16","+65","+625","+1,851","0","+871"
2025/11/07,"3,953.76",▼,"-72.69","-1.81%","187,942","+5,228","-5,066","-433","+4,041","-214","-1,289","+91","-59","-686","-2,316","0","+189"
2025/11/06,"4,026.45",▲,"22.03","+0.55%","214,839","+7,538","-16,710","+8,761","+5,705","-20","+1,830","-80","+45","-371","+1,651","0","+298"
2025/11/05,"4,004.42",▼,"-117.32","-2.85%","291,862","+24,263","-21,619","+327","+3,208","-177","-475","-1,040","-9","+583","-1,764","0","-2,964"
2025/11/04,"4,121.74",▼,"-100.13","-2.37%","207,856","+32,205","-24,998","-7,394","-2,846","-417","-1,191","-86","-119","-1,188","-1,549","0","+50"
2025/11/03,"4,221.87",▲,"114.37","+2.78%","227,287","+8,861","-8,869","-10","+2,389","-1,104","-565","-69","-245","-324","-92","0","-98"
2025/10/31,"4,107.50",▲,"20.61","+0.50%","229,504","-116","+11,922","-11,362","+11,576","-649","-783","-37","-20,012","-1,564","+106","0","-509"
2025/10/30,"4,086.89",▲,"5.74","+0.14%","241,982","+16,349","-3,714","-12,044","-5,217","-1,223","-2,578","-39","-83","-1,736","-1,170","0","-692"
2025/10/29,"4,081.15",▲,"70.74","+1.76%","220,331","-5,239","+104","+5,697","+11,062","-836","-1,324","-86","-29","-3,167","+77","0","-546"
2025/10/28,"4,010.41",▼,"-32.42","-0.80%","197,198","+20,975","-17,917","-2,020","+631","-407","-1,199","-4","-57","-676","-307","0","-1,046"
2025/10/27,"4,042.83",▲,"101.24","+2.57%","201,228","-5,522","+5,939","+940","+5,270","-1,568","-1,216","+26","-247","-889","-436","0","-1,402"
2025/10/24,"3,941.59",▲,"96.03","+2.50%","178,007","-20,616","+5,356","+14,989","+11,608","-396","+495","-160","-20","+734","+2,728","0","+336"
2025/10/23,"3,845.56",▼,"-38.12","-0.98%","162,557","+9,825","-5,316","-4,695","-2,402","-335","+134","-58","-192","-998","-844","0","+170"
2025/10/22,"3,883.68",▲,"59.84","+1.56%","154,511","+1,280","-7,711","+6,283","+3,982","-87","+1,567","+20","-110","+317","+596","0","+162"
2025/10/21,"3,823.84",▲,"9.15","+0.24%","193,734","-1,070","+2","+1,709","+4,744","-1,301","-1,212","-241","-181","+496","-597","0","-702"
2025/10/20,"3,814.69",▲,"65.80","+1.76%","141,905","-3,795","-1,762","+5,212","+7,445","-508","-1,132","-50","-297","+31","-277","0","+357"
2025/10/17,"3,748.89",▲,"0.52","+0.01%","172,686","-1,599","+2,631","-1,157","+511","-775","+101","-171","+1","-83","-741","0","+145"
2025/10/16,"3,748.37",▲,"91.09","+2.49%","176,648","-14,762","+6,703","+8,547","+7,494","-954","+991","-84","-173","+982","+291","0","-436"
2025/10/15,"3,657.28",▲,"95.47","+2.68%","138,799","-11,203","+2,282","+8,275","+6,013","-188","+603","-17","-105","+829","+1,140","0","+670"
2025/10/14,"3,561.81",▼,"-22.74","-0.63%","189,263","+4,451","+4,590","-9,607","-6,720","-523","-1,336","-5","-26","-351","-647","0","+509"
2025/10/13,"3,584.55",▼,"-26.05","-0.72%","142,708","+14,164","-10,105","-5,202","-4,048","-563","-131","-47","+49","+253","-715","0","+1,092"
2025/10/10,"3,610.60",▲,"61.39","+1.73%","196,008","-3,290","+9,512","-6,712","-5,680","-1,537","-593","+11","+110","+836","+142","0","+474"
2025/10/02,"3,549.21",▲,"93.38","+2.70%","194,561","-33,405","+32,641","+472","+995","-1,163","-254","+92","-85","+446","+441","0","+416"
2025/10/01,"3,455.83",▲,"31.23","+0.91%","123,446","-12,599","+9,250","+2,895","+2,136","-170","+367","+9","-21","-349","+923","0","+342"
2025/09/30,"3,424.60",▼,"-6.61","-0.19%","111,574","+763","+156","-1,239","-2,766","+145","+413","-33","+1","-17","+1,017","0","+336"
2025/09/29,"3,431.21",▲,"45.16","+1.33%","100,088","-9,817","+5,566","+3,937","+1,857","-219","+1,239","+11","-29","+128","+949","0","+338"
2025/09/26,"3,386.05",▼,"-85.06","-2.45%","126,062","+13,679","-7,361","-5,612","-3,298","-89","-503","+22","-125","-685","-934","0","-703"
2025/09/25,"3,471.11",▼,"-1.03","-0.03%","126,407","-5,266","+1,952","+2,831","+2,306","-414","+514","+52","-37","-962","+1,373","0","+452"
2025/09/24,"3,472.14",▼,"-14.05","-0.40%","118,069","-77","-2,681","+2,391","+4,157","-270","-280","+18","-139","-961","-135","0","+386"
2025/09/23,"3,486.19",▲,"17.54","+0.51%","121,523","-1,602","+3,164","-1,969","-584","-278","-662","+39","-132","-344","-8","0","+359"
2025/09/22,"3,468.65",▲,"23.41","+0.68%","119,961","-8,716","+6,367","+2,940","+4,449","-1,064","-448","+28","-58","-137","+171","0","-564"
2025/09/19,"3,445.24",▼,"-16.06","-0.46%","151,112","+7,305","-3,922","-4,129","-1,462","-357","-873","-43","-16","-600","-778","0","+776"
2025/09/18,"3,461.30",▲,"47.90","+1.40%","124,091","-8,497","+3,455","+4,264","+3,142","-103","-271","0","+5","+469","+1,022","0","+837"
2025/09/17,"3,413.40",▼,"-36.22","-1.05%","116,115","+4,460","-2,152","-3,134","-1,858","-514","-641","+43","-42","+435","-557","0","+802"
2025/09/16,"3,449.62",▲,"42.31","+1.24%","140,589","-19,754","+19,735","+1,246","+2,489","-351","-487","-65","-26","+138","-453","0","-1,180"
2025/09/15,"3,407.31",▲,"11.77","+0.35%","127,927","+786","+1,359","-2,002","+168","-1,288","-663","-24","-175","-567","+547","0","-141"
2025/09/12,"3,395.54",▲,"51.34","+1.54%","139,322","-22,810","+15,740","+7,308","+8,291","-855","-2,046","-39","-304","+1,849","+412","0","-382"
2025/09/11,"3,344.20",▲,"29.67","+0.90%","149,470","-11,427","+2,610","+8,808","+11,514","-390","-944","-94","-60","-1,515","+295","0","+49"
2025/09/10,"3,314.53",▲,"54.48","+1.67%","137,035","-25,517","+15,043","+10,650","+10,650","-790","-40","-49","-135","+373","+641","0","-113"
2025/09/09,"3,260.05",▲,"40.46","+1.26%","106,286","-11,862","+7,140","+3,802","+3,039","-372","+67","+39","-81","+270","+840","0","+947"
2025/09/08,"3,219.59",▲,"14.47","+0.45%","82,178","-4,683","+2,627","+1,368","+1,680","-77","-66","+38","-4","-130","-73","0","+712"
2025/09/05,"3,205.12",▲,"4.29","+0.13%","109,420","-69","-1,757","+1,123","+1,628","-217","-301","+14","+37","-137","+100","0","+687"
2025/09/04,"3,200.83",▲,"16.41","+0.52%","79,779","-2,976","+2,015","-156","+207","-329","+4","+41","+59","-212","+73","0","+1,125"
2025/09/03,"3,184.42",▲,"12.07","+0.38%","88,118","-1,461","+4,116","-3,641","-2,508","-86","-303","+42","-1","-649","-137","0","+975"
2025/09/02,"3,172.35",▲,"29.42","+0.94%","86,764","-4,058","+4,483","-1,270","-1,257","-106","+80","-1","-48","+175","-114","0","+863"
2025/09/01,"3,142.93",▼,"-43.08","-1.35%","80,032","+3,880","-2,931","-1,991","-337","-174","-666","-20","+11","+146","-951","0","+1,105"
2025/08/29,"3,186.01",▼,"-10.31","-0.32%","89,693","+2,462","-3,809","+753","+1,676","-131","-576","-20","-62","-270","+136","0","+597"
2025/08/28,"3,196.32",▲,"9.16","+0.29%","98,757","-3,901","-233","+3,226","+1,392","-52","+321","+11","-74","+748","+879","0","+901"
2025/08/27,"3,187.16",▲,"7.80","+0.25%","88,518","+339","-1,864","+365","-794","+18","+338","+12","+34","+173","+585","0","+1,143"
2025/08/26,"3,179.36",▼,"-30.50","-0.95%","129,549","+10,157","-7,863","-3,124","-2,452","-84","-37","+17","-70","-160","-337","0","+781"
2025/08/25,"3,209.86",▲,"41.13","+1.30%","80,916","-4,051","+1,471","+1,595","+716","-159","+447","-15","-13","+282","+337","0","+934"
2025/08/22,"3,168.73",▲,"26.99","+0.86%","83,375","-4,956","+2,121","+1,651","+455","-76","+796","-134","+3","+111","+495","0","+1,175"
2025/08/21,"3,141.74",▲,"11.65","+0.37%","108,932","-2,323","-234","+1,415","-747","+150","+477","+71","-16","+252","+1,228","0","+1,096"
2025/08/20,"3,130.09",▼,"-21.47","-0.68%","117,735","-5,315","-1,597","+5,605","+6,751","+24","-244","+22","-34","-726","-189","0","+1,380"
2025/08/19,"3,151.56",▼,"-25.72","-0.81%","86,241","+993","-4,588","+2,549","+3,089","-160","+8","+6","-34","-222","-139","0","+1,065"
2025/08/18,"3,177.28",▼,"-48.38","-1.50%","89,419","+4,485","-5,541","+690","+1,249","-224","-132","+13","+25","+347","-587","0","+362"
2025/08/14,"3,225.66",▲,"1.29","+0.04%","100,021","-563","-846","+283","+1,619","-18","-31","+65","-31","-788","-533","0","+1,112"
2025/08/13,"3,224.37",▲,"34.46","+1.08%","103,520","-8,100","+7,176","-205","+1,038","-76","-484","+45","-46","-171","-512","0","+1,132"
2025/08/12,"3,189.91",▼,"-16.86","-0.53%","101,654","+818","-541","-1,031","-13","-216","-371","+72","+3","+213","-719","0","+761"
2025/08/11,"3,206.77",▼,"-3.24","-0.10%","103,389","-1,999","+2,626","-2,097","+521","-385","-735","-13","-6","-907","-573","0","+1,490"
2025/08/08,"3,210.01",▼,"-17.67","-0.55%","114,011","+2,197","-1,310","-1,585","+1,745","-180","-1,063","-100","-54","-801","-1,132","0","+652"
2025/08/07,"3,227.68",▲,"29.54","+0.92%","112,013","-2,254","-132","+1,336","+1,495","+5","-632","-161","+3","+410","+215","0","+1,046"
2025/08/06,"3,198.14",▲,"0.14","0%","111,283","+1,217","+2,455","-4,247","+345","-66","-1,022","-306","+12","-52","-3,157","0","+595"
2025/08/05,"3,198.00",▲,"50.25","+1.60%","109,502","-5,245","+3,594","+768","-601","+108","+389","+28","+37","+189","+618","0","+897"
2025/08/04,"3,147.75",▲,"28.34","+0.91%","97,246","-3,599","+1,303","+1,341","+1,266","-218","+481","+24","-327","+104","+11","0","+950"
2025/08/01,"3,119.41",▼,"-126.03","-3.88%","152,812","+19,827","-8,693","-11,631","-5,301","-19","-2,641","-142","-405","-196","-2,927","0","+470"
2025/07/31,"3,245.44",▼,"-9.03","-0.28%","164,555","+3,603","+3,459","-8,241","-4,551","-158","-1,176","+16","+75","-1,425","-1,022","0","+1,151"
2025/07/30,"3,254.47",▲,"23.90","+0.74%","129,685","-10,794","+6,296","+3,816","+3,754","-302","-112","-115","+12","-156","+735","0","+681"
2025/07/29,"3,230.57",▲,"21.05","+0.66%","127,692","-7,168","+6,031","+529","+893","+89","-667","+23","+52","-123","+263","0","+607"
2025/07/28,"3,209.52",▲,"13.47","+0.42%","138,729","-10,828","+5,066","+5,500","+6,400","-75","+239","-46","+44","-671","-390","0","+344"
2025/07/25,"3,196.05",▲,"5.60","+0.18%","98,222","-4,377","+2,738","+934","+54","+217","+365","-59","-52","+466","-57","0","+686"
2025/07/24,"3,190.45",▲,"6.68","+0.21%","129,931","-10,422","+8,084","+1,427","+772","-54","+444","-203","-94","-159","+720","0","+932"
2025/07/23,"3,183.77",▲,"13.83","+0.44%","122,013","-7,729","+4,540","+2,288","+4,059","+250","-574","+61","-39","-1,030","-439","0","+871"
2025/07/22,"3,169.94",▼,"-40.87","-1.27%","116,046","+6,811","-2,337","-4,644","-243","-130","-973","+50","-76","-760","-2,512","0","+173"
2025/07/21,"3,210.81",▲,"22.74","+0.71%","106,622","-11,766","+9,836","+1,178","+762","-140","+257","+13","-9","-92","+387","0","+770"
2025/07/18,"3,188.07",▼,"-4.22","-0.13%","119,392","-2,908","+1,391","+514","+2,273","+49","-220","+89","-58","-942","-677","0","+1,027"
2025/07/17,"3,192.29",▲,"5.91","+0.19%","153,654","-3,714","+706","+1,906","+2,796","+118","-204","-15","0","-135","-654","0","+1,047"
2025/07/16,"3,186.38",▼,"-28.90","-0.90%","113,287","+5,925","-505","-6,293","-2,022","-84","-1,392","+52","+11","-749","-2,110","0","+861"
2025/07/15,"3,215.28",▲,"13.25","+0.41%","122,387","-3,332","+2,841","-718","-590","-107","-266","-251","+2","+289","+205","0","+1,250"
2025/07/14,"3,202.03",▲,"26.26","+0.83%","115,655","-3,638","+4,190","-1,290","+344","-302","-584","-27","-61","-205","-454","0","+754"
2025/07/11,"3,175.77",▼,"-7.46","-0.23%","133,420","+2,114","+2,810","-919","+670","-443","-629","-133","+69","+48","-501","0","-4,027"
2025/07/10,"3,183.23",▲,"49.49","+1.58%","141,248","-6,175","+5,125","+536","-1,172","-246","+1,542","-107","+46","+449","+24","0","+561"
2025/07/09,"3,133.74",▲,"18.79","+0.60%","126,549","+5,875","-4,856","-1,117","-1,660","+16","+404","-45","+66","+24","+79","0","+58"
2025/07/08,"3,114.95",▲,"55.48","+1.81%","134,914","-2,737","+2,826","-195","+104","-79","+141","-739","+50","-24","+352","0","+111"
2025/07/07,"3,059.47",▲,"5.19","+0.17%","102,045","+1,813","-1,074","-1,030","-1,231","+179","+741","-22","-14","-593","-89","0","+319"
2025/07/04,"3,054.28",▼,"-61.99","-1.99%","135,711","+3,669","+1,233","-4,195","-1,895","-270","-1,083","+601","-70","-817","-661","0","-708"
2025/07/03,"3,116.27",▲,"41.21","+1.34%","148,832","-13,081","+6,952","+5,885","+3,660","+14","+710","+33","-13","-64","+1,545","0","+247"
2025/07/02,"3,075.06",▼,"-14.59","-0.47%","148,298","+3,811","-4,067","+438","+3,022","-46","-939","+59","-8","-81","-1,569","0","-161"
2025/07/01,"3,089.65",▲,"17.95","+0.58%","151,848","-6,140","+1,882","+4,407","+5,065","-73","+569","-259","+11","-709","-198","0","-132"
2025/06/30,"3,071.70",▲,"15.76","+0.52%","133,338","+2,564","-6,898","+4,608","+5,144","-47","-100","-122","+19","-303","+18","0","-312"
2025/06/27,"3,055.94",▼,"-23.62","-0.77%","139,702","+5,027","-8,974","+3,788","+3,076","+122","+131","+28","-22","-127","+581","0","+161"
2025/06/26,"3,079.56",▼,"-28.69","-0.92%","170,305","+10,489","-7,034","-4,650","-1,903","+23","-1,066","+63","-23","-467","-1,277","0","+1,181"
2025/06/25,"3,108.25",▲,"4.61","+0.15%","196,626","+9,881","-2,513","-6,478","-2,132","-190","-1,886","-47","+2","-519","-1,707","0","-913"
2025/06/24,"3,103.64",▲,"89.17","+2.96%","191,073","-5,779","+4,504","+2,857","+5,289","-1,486","-315","-136","+23","-987","+468","0","-1,504"
2025/06/23,"3,014.47",▼,"-7.37","-0.24%","178,797","+15,227","-4,882","-9,629","-8,574","-163","-104","-264","+3","-165","-362","0","-799"
2025/06/20,"3,021.84",▲,"44.10","+1.48%","179,748","-5,882","+5,560","+420","+993","-581","-48","-24","+63","+113","-95","0","-79"
2025/06/19,"2,977.74",▲,"5.55","+0.19%","137,865","+4,829","-1,652","-3,172","-906","-556","+31","-5","-32","-1,387","-316","0","-56"
2025/06/18,"2,972.19",▲,"21.89","+0.74%","146,683","-3,795","+2,648","+829","+1,894","-205","-530","-127","-63","-469","+329","0","+348"
2025/06/17,"2,950.30",▲,"3.64","+0.12%","179,159","+4,127","-2,344","-1,564","+2,116","-601","-831","-154","-119","-1,117","-858","0","-272"
2025/06/16,"2,946.66",▲,"52.04","+1.80%","144,011","-81","-2,956","+2,872","+3,743","-192","-135","-121","+33","-284","-171","0","+213"
2025/06/13,"2,894.62",▼,"-25.41","-0.87%","174,627","+5,468","+605","-6,490","-3,345","-413","-810","-354","-41","+293","-1,821","0","+423"
2025/06/12,"2,920.03",▲,"12.99","+0.45%","173,446","-370","+3,664","-3,205","-5,020","-340","+1,512","-31","-22","+1,235","-540","0","-67"
2025/06/11,"2,907.04",▲,"35.19","+1.23%","124,750","-3,267","+1,119","+2,539","+4,176","-117","-763","+176","-162","-276","-495","0","-409"
2025/06/10,"2,871.85",▲,"16.08","+0.56%","142,898","-6,150","+6,383","+46","+1,778","-820","-573","+44","-46","-93","-243","0","-273"
2025/06/09,"2,855.77",▲,"43.72","+1.55%","140,303","-1,460","+9,470","-7,844","-4,792","-760","-861","+76","+32","-1,113","-426","0","-140"
2025/06/05,"2,812.05",▲,"41.21","+1.49%","132,930","-12,638","+10,066","+2,683","+3,859","-1,055","-523","-162","-17","+616","-35","0","-54"
2025/06/04,"2,770.84",▲,"71.87","+2.66%","121,063","-13,569","+11,313","+2,612","+1,716","-306","+387","+75","+47","+28","+664","0","-288"
2025/06/02,"2,698.97",▲,"1.30","+0.05%","80,629","+1,199","+1,177","-2,560","-2,020","-150","-333","+96","+53","-89","-118","0","+223"
2025/05/30,"2,697.67",▼,"-22.97","-0.84%","148,036","+7,274","-7,005","-437","+1,302","-707","-505","+103","-45","+144","-729","0","+94"
2025/05/29,"2,720.64",▲,"50.49","+1.89%","108,955","-10,752","+3,322","+7,269","+5,985","-70","-30","+82","+54","+679","+569","0","+236"
2025/05/28,"2,670.15",▲,"32.93","+1.25%","112,388","-10,897","+3,348","+8,297","+8,498","-108","-409","-166","-54","+449","+87","0","-737"
2025/05/27,"2,637.22",▼,"-7.18","-0.27%","79,088","+1,240","-1,120","-538","-56","-137","-98","+109","-62","-205","-90","0","+437"
2025/05/26,"2,644.40",▲,"52.31","+2.02%","83,428","-5,262","+1,282","+4,326","+3,714","+51","-71","+2","-22","+476","+175","0","-331"
2025/05/23,"2,592.09",▼,"-1.58","-0.06%","86,596","+1,617","-425","-1,424","-1,334","-14","-63","+33","+9","-107","+53","0","+198"
2025/05/22,"2,593.67",▼,"-31.91","-1.22%","89,654","+7,975","-2,964","-4,686","-2,979","-198","-613","-379","-2","+83","-598","0","-342"
2025/05/21,"2,625.58",▲,"23.78","+0.91%","74,411","-3,464","+2,122","+956","+772","+89","-23","+88","-50","-52","+131","0","+412"
2025/05/20,"2,601.80",▼,"-1.62","-0.06%","76,614","+156","-1,024","+667","+1,445","-80","-282","+53","+2","-207","-264","0","+192"
2025/05/19,"2,603.42",▼,"-23.45","-0.89%","67,524","+3,665","-1,693","-2,056","-1,025","-86","-182","+160","-41","-243","-639","0","+73"
2025/05/16,"2,626.87",▲,"5.51","+0.21%","80,250","-2,938","+1,752","+1,206","+1,534","-120","-422","+65","-25","+156","+18","0","-9"
2025/05/15,"2,621.36",▼,"-19.21","-0.73%","72,540","+1,286","+2,174","-3,939","-1,733","-131","-1,157","+28","+12","+45","-1,003","0","+508"
2025/05/14,"2,640.57",▲,"32.15","+1.23%","88,931","-10,575","+5,100","+5,536","+4,571","+40","+154","+61","-8","+141","+576","0","-21"
2025/05/13,"2,608.42",▲,"1.09","+0.04%","87,460","-554","+1,151","-1,072","-475","-275","+89","+72","+25","-609","+101","0","+473"
2025/05/12,"2,607.33",▲,"30.06","+1.17%","85,275","-5,029","+372","+4,173","+3,690","+104","+251","+84","-33","+261","-184","0","+550"
2025/05/09,"2,577.27",▼,"-2.21","-0.09%","80,348","+755","+450","-1,832","-2,136","-92","-29","+71","-20","+912","-538","0","+645"
2025/05/08,"2,579.48",▲,"5.68","+0.22%","102,701","+230","+1,143","-2,011","-2,400","+54","+258","+99","+1","-82","+57","0","+634"
2025/05/07,"2,573.80",▲,"14.01","+0.55%","89,354","-5,152","+3,793","+1,104","+1,328","-18","-23","+108","-23","-82","-186","0","+279"
2025/05/02,"2,559.79",▲,"3.18","+0.12%","83,274","-2,359","-1,607","+3,134","+1,984","+51","+214","+80","-20","+451","+374","0","+869"
2025/04/30,"2,556.61",▼,"-8.81","-0.34%","84,356","+3,520","-2,058","-2,285","-1,383","-172","+222","+108","-90","-90","-881","0","+811"
2025/04/29,"2,565.42",▲,"16.56","+0.65%","92,151","-1,696","+6,992","-5,738","+4,081","-25","-29","+256","-10,702","+575","+106","0","+471"
2025/04/28,"2,548.86",▲,"2.56","+0.10%","78,033","+88","-1,317","+846","+1,375","-144","-692","+100","-38","+306","-60","0","+369"
2025/04/25,"2,546.30",▲,"23.97","+0.95%","87,606","-7,968","+6,316","+5,183","+4,456","-107","+12","+22","+62","+845","-107","0","-3,502"
2025/04/24,"2,522.33",▼,"-3.23","-0.13%","72,723","+1,635","-318","-1,962","-1,703","+63","-220","+28","-1","-158","+28","0","+648"
2025/04/23,"2,525.56",▲,"38.92","+1.57%","77,641","-5,879","-1,854","+7,115","+5,691","+160","+111","-4","+39","+637","+482","0","+618"
2025/04/22,"2,486.64",▼,"-1.78","-0.07%","61,824","+1,757","-2,447","+33","-435","-33","+41","-14","-52","+943","-417","0","+652"
2025/04/21,"2,488.42",▲,"5.00","+0.20%","52,397","+2,176","-3,143","+193","-212","+71","-95","+21","-8","+563","-147","0","+776"
2025/04/18,"2,483.42",▲,"13.01","+0.53%","56,496","+14","-1,262","+795","-147","+90","-166","+28","+33","+784","+173","0","+462"
2025/04/17,"2,470.41",▲,"22.98","+0.94%","66,062","-1,237","-3,513","+3,862","+2,913","+303","-65","+15","+48","+562","+85","0","+899"
2025/04/16,"2,447.43",▼,"-29.98","-1.21%","67,256","+4,092","-4,644","-330","-645","-110","-328","-7","+36","+869","-145","0","+871"
2025/04/15,"2,477.41",▲,"21.52","+0.88%","65,108","-1,684","-1,118","+1,910","+716","+111","-58","+20","+45","+962","+115","0","+860"
2025/04/14,"2,455.89",▲,"23.17","+0.95%","66,877","+1,897","-2,332","+8","-569","+14","-3","+3","+14","+1,119","-570","0","+399"
2025/04/11,"2,432.72",▼,"-12.34","-0.50%","76,871","+4,337","-6,895","+1,308","-1,428","+160","+217","+121","+25","+1,749","+465","0","+1,248"
2025/04/10,"2,445.06",▲,"151.36","+6.60%","110,554","-11,108","+3,328","+7,028","+1,875","+350","+3,124","+50","+55","+540","+1,035","0","+753"
2025/04/09,"2,293.70",▼,"-40.53","-1.74%","95,603","+9,413","-10,091","-748","+345","-112","-443","+81","-77","+579","-1,120","0","+1,369"
2025/04/08,"2,334.23",▲,"6.03","+0.26%","91,224","+6,062","-6,485","-1,023","-3,801","+57","+875","+49","-33","+1,132","+698","0","+1,393"
2025/04/07,"2,328.20",▼,"-137.22","-5.57%","105,054","+17,595","-21,710","+2,404","-1,114","-349","-109","+142","-67","+4,338","-437","0","+1,673"
2025/04/04,"2,465.42",▼,"-21.28","-0.86%","107,428","+11,072","-18,104","+6,112","+3,479","-41","+635","+15","-9","+2,067","-34","0","+879"
2025/04/03,"2,486.70",▼,"-19.16","-0.76%","82,674","+8,005","-13,792","+4,613","+692","+175","+930","+22","-115","+2,723","+185","0","+1,135"
2025/04/02,"2,505.86",▼,"-15.53","-0.62%","73,161","+4,802","-7,296","+1,493","-202","-30","+143","+33","-30","+1,736","-159","0","+973"
2025/04/01,"2,521.39",▲,"40.27","+1.62%","69,394","+861","-3,914","+1,796","-76","+180","+285","+137","+8","+774","+487","0","+1,251"
2025/03/31,"2,481.12",▼,"-76.86","-3.00%","82,363","+7,920","-15,793","+6,624","+5,509","+145","-108","+436","-21","+607","+57","0","+1,212"
2025/03/28,"2,557.98",▼,"-49.17","-1.89%","71,504","+5,416","-6,425","+15","+228","-57","+9","0","-50","+401","-515","0","+983"
2025/03/27,"2,607.15",▼,"-36.79","-1.39%","76,762","+1,166","+887","-3,154","-1,173","-65","-891","+230","-222","-254","-778","0","+1,101"
2025/03/26,"2,643.94",▲,"28.13","+1.08%","76,553","-6,819","+3,499","+2,593","+2,401","-12","-72","+287","-124","+155","-43","0","+716"
2025/03/25,"2,615.81",▼,"-16.26","-0.62%","83,050","-669","-735","+706","+1,302","-66","-78","+200","-23","-196","-433","0","+729"
2025/03/24,"2,632.07",▼,"-11.06","-0.42%","69,240","-727","+61","-282","+85","-123","-538","+267","-35","+50","+12","0","+937"
2025/03/21,"2,643.13",▲,"6.03","+0.23%","141,881","-5,382","+8,503","-4,020","-3,423","-169","-370","+242","+52","+134","-487","0","+925"
2025/03/20,"2,637.10",▲,"8.48","+0.32%","119,892","-7,012","+5,515","+664","+1,242","-76","-381","+162","+12","-30","-264","0","+861"
2025/03/19,"2,628.62",▲,"16.28","+0.62%","118,414","-6,745","+3,052","+2,873","+2,706","+106","-72","+63","-20","+230","-140","0","+844"
2025/03/18,"2,612.34",▲,"1.65","+0.06%","120,345","-6,132","+4,437","+951","+1,342","-46","-236","+32","-27","+342","-455","0","+774"
2025/03/17,"2,610.69",▲,"44.33","+1.73%","119,950","-11,793","+6,223","+4,948","+5,013","-158","-101","+67","+10","+289","-172","0","+694"
2025/03/14,"2,566.36",▼,"-7.28","-0.28%","99,418","+2,078","-2,954","-205","+501","-390","-539","+20","-4","+561","-354","0","+1,021"
2025/03/13,"2,573.64",▼,"-1.18","-0.05%","131,129","-737","-4,809","+4,448","+2,938","+471","+1,474","+109","+27","-466","-105","0","+1,093"
2025/03/12,"2,574.82",▲,"37.22","+1.47%","122,847","-5,050","+3,796","+318","+388","-22","+80","+85","+48","-307","+45","0","+941"
2025/03/11,"2,537.60",▼,"-32.79","-1.28%","109,175","+4,929","-15,403","-2,381","-1,740","+120","-224","+68","+6","-269","-340","0","+12,825"
2025/03/10,"2,570.39",▲,"6.91","+0.27%","98,813","+2,093","-4,292","+1,427","+746","-70","-55","+89","-8","+461","+263","0","+722"
2025/03/07,"2,563.48",▼,"-12.68","-0.49%","121,551","-1,941","+591","+281","-1,359","+159","+234","+89","+46","+463","+649","0","+1,067"
2025/03/06,"2,576.16",▲,"18.03","+0.70%","113,196","-3,696","+1,375","+1,563","+695","+65","+352","+97","+30","-6","+329","0","+750"
2025/03/05,"2,558.13",▲,"29.21","+1.16%","130,216","+909","-2,265","+480","-2,100","+254","+977","+100","+34","+709","+507","0","+845"
2025/03/04,"2,528.92",▼,"-3.86","-0.15%","131,153","+2,039","-1,945","-1,468","-2,628","+175","+7","+71","+93","+515","+298","0","+1,326"
2025/02/28,"2,532.78",▼,"-88.97","-3.39%","156,372","+20,324","-15,562","-6,166","-5,185","+167","-833","+52","+55","+59","-482","0","+1,367"
2025/02/27,"2,621.75",▼,"-19.34","-0.73%","108,021","+4,810","-1,786","-3,390","-3,431","+2","+200","+75","+27","+459","-722","0","+333"
2025/02/26,"2,641.09",▲,"10.80","+0.41%","112,187","-201","-3,221","+2,405","+1,742","-7","-36","+89","-57","+574","+99","0","+1,025"
2025/02/25,"2,630.29",▼,"-14.98","-0.57%","105,084","+3,121","-3,206","-945","-921","+114","-391","+93","+21","+138","+1","0","+1,013"
2025/02/24,"2,645.27",▼,"-9.31","-0.35%","108,020","+1,929","-2,001","-925","-919","-37","-73","+81","-11","+178","-144","0","+1,036"
2025/02/21,"2,654.58",▲,"0.52","+0.02%","113,810","+28","-2,163","+1,181","+610","-51","-86","+66","+39","+743","-140","0","+972"
2025/02/20,"2,654.06",▼,"-17.46","-0.65%","145,511","+2,907","-2,884","-1,079","-90","-341","-814","+82","-27","+808","-697","0","+1,076"
2025/02/19,"2,671.52",▲,"44.71","+1.70%","148,516","-12,186","+3,956","+7,767","+6,598","-345","+646","+217","+30","+677","-56","0","+491"
2025/02/18,"2,626.81",▲,"16.39","+0.63%","126,182","-1,884","+189","+1,649","+1,002","-170","-181","+206","-16","+1,210","-402","0","+50"
2025/02/17,"2,610.42",▲,"19.37","+0.75%","110,173","-336","-2,235","+2,431","+2,635","-129","-378","+160","+10","+828","-694","0","+133"
2025/02/14,"2,591.05",▲,"7.88","+0.31%","139,176","-652","-3,204","+3,661","+2,718","-223","-596","+150","+23","+1,760","-170","0","+209"
2025/02/13,"2,583.17",▲,"34.78","+1.36%","171,041","-6,096","-1,134","+6,730","+3,713","+598","+657","+126","+75","+683","+878","0","+505"
2025/02/12,"2,548.39",▲,"9.34","+0.37%","136,689","-1,982","+3,706","-2,217","+526","-2,774","-291","+179","+4","+102","+36","0","+470"
2025/02/11,"2,539.05",▲,"17.78","+0.71%","110,231","-4,694","+1,408","+2,437","+1,904","-210","-339","+184","+51","+587","+261","0","+856"
2025/02/10,"2,521.27",▼,"-0.65","-0.03%","105,824","-700","-2,770","+2,627","+1,827","-802","-353","+212","+51","+1,848","-156","0","+860"
2025/02/07,"2,521.92",▼,"-14.83","-0.58%","102,401","+3,302","-2,400","-2,098","-1,796","-103","-618","+190","+50","+1,224","-1,045","0","+1,186"
2025/02/06,"2,536.75",▲,"27.48","+1.10%","118,630","-6,060","+3,556","+1,612","+1,404","-192","-148","+112","+81","+471","-116","0","+932"
2025/02/05,"2,509.27",▲,"27.58","+1.11%","99,495","-1,929","+656","+312","+276","-42","-207","-50","+3","+908","-576","0","+972"
2025/02/04,"2,481.69",▲,"27.74","+1.13%","110,009","-2,932","+772","+1,231","+116","-22","-549","+68","+18","+1,387","+213","0","+902"
2025/02/03,"2,453.95",▼,"-63.42","-2.52%","116,499","+11,220","-8,707","-3,704","-4,506","+43","-511","+28","+77","+2,097","-932","0","+1,173"
2025/01/31,"2,517.37",▼,"-19.43","-0.77%","137,594","+9,620","-11,756","+2,859","+2,977","-116","+85","-169","+70","+355","-341","0","-801"
2025/01/24,"2,536.80",▲,"21.31","+0.85%","101,792","-3,830","+2,734","+436","-157","+53","+53","+73","+52","+651","-287","0","+642"
2025/01/23,"2,515.49",▼,"-31.57","-1.24%","99,078","+7,596","-6,196","-2,032","-2,447","-52","-665","-12","+37","+1,504","-397","0","+610"
2025/01/22,"2,547.06",▲,"29.03","+1.15%","110,745","-8,232","+3,507","+4,209","+2,949","-193","+140","+45","+101","+881","+287","0","+524"
2025/01/21,"2,518.03",▼,"-2.02","-0.08%","93,235","+534","-1,729","+625","+551","+99","-329","-39","+50","+588","-296","0","+577"
2025/01/20,"2,520.05",▼,"-3.50","-0.14%","86,635","+2,767","-4,185","+663","+403","-81","-230","-3","+42","+736","-204","0","+731"
2025/01/17,"2,523.55",▼,"-3.94","-0.16%","100,118","+2,864","-2,338","-1,006","-1,193","-188","-413","-32","+42","+1,314","-537","0","+473"
2025/01/16,"2,527.49",▲,"30.68","+1.23%","94,322","-5,757","+6,263","+189","+221","-37","-308","-28","+49","+757","-464","0","-677"
2025/01/15,"2,496.81",▼,"-0.59","-0.02%","91,762","+1,231","+568","-2,590","-2,097","-1","-260","+21","+36","+386","-676","0","+798"
2025/01/14,"2,497.40",▲,"7.84","+0.31%","81,992","+2,992","-2,965","-580","-535","-200","-208","-16","+25","+570","-215","0","+534"
2025/01/13,"2,489.56",▼,"-26.22","-1.04%","90,490","+7,486","-8,743","+260","-993","-82","-144","-25","+52","+2,593","-1,143","0","+972"
2025/01/10,"2,515.78",▼,"-6.12","-0.24%","96,910","+3,381","-38","-3,975","-4,848","-259","-639","-2","+16","+2,643","-888","0","+610"
2025/01/09,"2,521.90",▲,"0.85","+0.03%","115,244","-3,270","+7,510","-5,056","-5,320","+249","+875","-18","+90","+253","-1,185","0","+844"
2025/01/08,"2,521.05",▲,"28.95","+1.16%","103,910","-3,855","+2,220","+1,097","-1,097","+48","+510","+18","+30","+1,385","+204","0","+550"
2025/01/07,"2,492.10",▲,"3.46","+0.14%","94,059","-2,049","+1,629","-422","-1,495","-108","-52","+4","+33","+969","+227","0","+885"
2025/01/06,"2,488.64",▲,"46.72","+1.91%","81,423","-5,370","+3,705","+654","-307","+42","+196","+19","-9","+400","+313","0","+1,054"
2025/01/03,"2,441.92",▲,"42.98","+1.79%","82,300","-6,985","+2,843","+3,204","+2,720","-2","+46","+36","-1","+410","-5","0","+979"
2025/01/02,"2,398.94",▼,"-0.55","-0.02%","69,586","+4,143","-2,382","-2,588","-2,676","-21","+98","+3","+8","+92","-91","0","+834"
2024/12/30,"2,399.49",▼,"-5.28","-0.22%","53,154","-306","-1,207","+556","+309","+42","+37","+38","-218","+185","+162","0","+954"
2024/12/27,"2,404.77",▼,"-24.90","-1.02%","63,396","+2,256","-1,739","-1,158","-1,671","-182","+228","-27","-224","+823","-105","0","+619"
2024/12/26,"2,429.67",▼,"-10.85","-0.44%","64,104","-3,242","+204","+1,859","+2,063","+54","-10","+195","-12","-68","-363","0","+1,186"
2024/12/24,"2,440.52",▼,"-1.49","-0.06%","67,407","-1,069","-62","+239","+1,493","+186","-910","+168","-36","-247","-415","0","+896"
2024/12/23,"2,442.01",▲,"37.86","+1.57%","73,755","-6,836","+1,448","+4,352","+3,919","-82","-398","+124","-18","+770","+38","0","+1,036"
2024/12/20,"2,404.15",▼,"-31.78","-1.30%","93,473","+7,890","-8,224","-883","-1,949","-127","-253","+20","-209","+1,870","-237","0","+1,174"
2024/12/19,"2,435.93",▼,"-48.50","-1.95%","84,437","+8,024","-4,338","-5,099","-5,591","-41","-305","+22","-224","+1,366","-327","0","+1,363"
2024/12/18,"2,484.43",▲,"27.62","+1.12%","83,385","-4,684","+3,924","+1,340","+853","+35","-174","+126","-359","+1,003","-145","0","-577"
2024/12/17,"2,456.81",▼,"-32.16","-1.29%","92,848","+4,647","-7,020","+1,566","+479","+6","-148","+127","-108","+1,415","-206","0","+799"
2024/12/16,"2,488.97",▼,"-5.49","-0.22%","84,664","+3,668","-4,339","+1","-602","-216","-544","+125","+46","+1,423","-231","0","+652"
2024/12/13,"2,494.46",▲,"12.34","+0.50%","88,494","-821","-1,739","+1,399","-1,471","+168","-145","+304","+65","+2,608","-131","0","+1,169"
2024/12/12,"2,482.12",▲,"39.61","+1.62%","122,591","-2,520","-209","+1,563","-5,315","+927","+1,684","+406","+62","+3,878","-78","0","+1,183"
2024/12/11,"2,442.51",▲,"24.67","+1.02%","77,458","-1,227","-1,376","+1,765","+1,709","+11","+92","+223","+14","-268","-17","0","+875"
2024/12/10,"2,417.84",▲,"57.26","+2.43%","93,038","-4,210","-1,047","+4,596","+3,645","+2","+115","+351","-21","+203","+300","0","+681"
2024/12/09,"2,360.58",▼,"-67.58","-2.78%","100,045","-8,909","+1,027","+6,916","+4,901","-88","-330","+156","-53","+2,283","+47","0","+944"
2024/12/06,"2,428.16",▼,"-13.69","-0.56%","107,268","-5,816","-2,841","+8,255","+4,705","+18","-27","+227","-94","+3,445","-19","0","+403"
2024/12/05,"2,441.85",▼,"-22.15","-0.90%","97,207","+1,637","-3,174","+563","-47","-115","-585","-3","-71","+1,575","-191","0","+966"
2024/12/04,"2,464.00",▼,"-36.10","-1.44%","132,969","+3,398","-4,071","+164","+244","-202","-774","+28","-102","+1,120","-149","0","+519"
2024/12/03,"2,500.10",▲,"45.62","+1.86%","91,451","-8,338","+5,655","+2,796","+2,440","+13","-40","+77","+16","-3","+293","0","-103"
2024/12/02,"2,454.48",▼,"-1.43","-0.06%","75,917","-3,200","-1,309","+3,891","+4,270","-171","-207","+264","-39","-81","-144","0","+610"
2024/11/29,"2,455.91",▼,"-48.76","-1.95%","91,064","+5,882","-7,494","+509","+994","-44","-401","+154","-40","+102","-254","0","+1,092"
2024/11/28,"2,504.67",▲,"1.61","+0.06%","75,727","+798","-4,919","+3,105","+2,809","-44","-322","-116","+14","+857","-93","0","+1,011"
2024/11/27,"2,503.06",▼,"-17.30","-0.69%","85,860","-330","-3,349","+3,004","+1,430","-153","-663","+69","-23","+2,012","+332","0","+670"
2024/11/26,"2,520.36",▼,"-13.98","-0.55%","87,099","+1,862","-690","-2,375","-2,330","-34","-761","+37","-22","+720","+16","0","+1,188"
2024/11/25,"2,534.34",▲,"33.10","+1.32%","134,952","-4,515","-747","+4,531","+4,357","+211","-117","+76","-175","+545","-366","0","+751"
2024/11/22,"2,501.24",▲,"20.61","+0.83%","80,171","-5,332","+1,175","+3,227","+1,715","+58","+492","+34","+44","+826","+57","0","+944"
2024/11/21,"2,480.63",▼,"-1.66","-0.07%","83,564","-1,253","-2,593","+2,970","-2","-80","+144","+71","-8","+3,007","-163","0","+884"
2024/11/20,"2,482.29",▲,"10.34","+0.42%","78,200","-910","-1,823","+1,736","-322","+69","+241","+41","-4","+1,810","-100","0","+1,010"
2024/11/19,"2,471.95",▲,"2.88","+0.12%","90,858","-1,691","-3,300","+4,581","+1,204","+137","+280","+56","-114","+3,195","-176","0","+414"
2024/11/18,"2,469.07",▲,"52.21","+2.16%","106,213","+53","-530","-171","-730","+28","+149","-122","-10","+438","+76","0","+621"
2024/11/15,"2,416.86",▼,"-2.00","-0.08%","123,657","+379","-595","-302","-964","+90","+71","-24","-298","+1,038","-216","0","+537"
2024/11/14,"2,418.86",▲,"1.78","+0.07%","130,173","-1,142","-2,333","+2,817","-320","+345","+969","+84","-287","+1,777","+250","0","+640"
2024/11/13,"2,417.08",▼,"-65.49","-2.64%","112,083","+6,512","-6,308","-637","+705","-3","-331","-159","-563","+258","-543","0","+412"
2024/11/12,"2,482.57",▼,"-49.09","-1.94%","128,480","+3,309","-3,064","-318","-264","-75","-877","+9","-313","+1,648","-447","0","+105"
2024/11/11,"2,531.66",▼,"-29.49","-1.15%","112,901","+6,764","-4,817","-2,380","-2,207","-98","-176","0","-393","+719","-225","0","+436"
2024/11/08,"2,561.15",▼,"-3.48","-0.14%","99,212","-1,118","-132","+1,175","+1,939","-106","-478","+137","-38","-64","-214","0","+74"
2024/11/07,"2,564.63",▲,"1.12","+0.04%","108,097","-2,376","+1,046","+1,098","-554","-57","+50","+81","+28","+1,789","-239","0","+203"
2024/11/06,"2,563.51",▼,"-13.37","-0.52%","117,918","+17","-1,031","+520","-438","-118","-90","+171","+76","+763","+155","0","+490"
2024/11/05,"2,576.88",▼,"-12.09","-0.47%","77,160","+3,883","-1,444","-2,856","-2,021","-197","-448","+224","-55","-289","-71","0","+409"
2024/11/04,"2,588.97",▲,"46.61","+1.83%","80,647","-3,838","+297","+3,417","+1,838","+199","+50","+183","-27","+1,024","+150","0","+137"
2024/11/01,"2,542.36",▼,"-13.79","-0.54%","79,443","+2,127","-390","-1,881","-2,373","+182","-350","+272","+14","+148","+227","0","+130"
2024/10/31,"2,556.15",▼,"-37.64","-1.45%","109,806","+5,571","-8,583","+3,316","+2,585","+83","-326","+494","-55","+499","+36","0","-304"
2024/10/30,"2,593.79",▼,"-24.01","-0.92%","90,670","+2,711","-3,357","+419","+468","-133","-462","+446","+8","+80","+11","0","+228"
2024/10/29,"2,617.80",▲,"5.37","+0.21%","93,411","+1,099","-1,177","+178","+326","-74","-101","+9","+7","+253","-242","0","-86"
2024/10/28,"2,612.43",▲,"29.16","+1.13%","91,330","-3,356","-1,283","+4,662","+3,494","+119","+221","+15","+35","+828","-51","0","+85"
2024/10/25,"2,583.27",▲,"2.24","+0.09%","102,868","+2,973","-3,909","+769","+907","-224","+54","+29","+37","-85","+51","0","+130"
2024/10/24,"2,581.03",▼,"-18.59","-0.72%","97,339","+6,254","-6,074","-535","-143","-171","+24","-59","-50","-203","+68","0","+322"
2024/10/23,"2,599.62",▲,"28.92","+1.12%","94,301","-5,141","+2,116","+2,991","+2,047","-120","+152","+1","+4","+719","+188","0","+35"
2024/10/22,"2,570.70",▼,"-34.22","-1.31%","89,580","+5,672","-2,814","-3,072","-2,777","-74","-468","-24","-95","+160","+205","0","+209"
2024/10/21,"2,604.92",▲,"11.10","+0.43%","77,572","-2,684","+221","+2,680","+1,972","-115","+30","+432","-11","-310","+682","0","-187"
2024/10/18,"2,593.82",▼,"-15.48","-0.59%","82,748","+3,590","-4,785","+949","+1,406","-95","-160","+138","-8","+357","-690","0","+237"
2024/10/17,"2,609.30",▼,"-1.06","-0.04%","99,536","+1,615","-4,049","+2,007","+1,595","+41","+156","-43","+18","+182","+59","0","+423"
2024/10/16,"2,610.36",▼,"-23.09","-0.88%","100,530","+6,535","-6,597","-401","-1,465","-124","-85","-7","+26","+1,634","-379","0","+440"
2024/10/15,"2,633.45",▲,"10.16","+0.39%","100,543","-3,436","+2,904","+117","-847","+28","+2","-21","-17","+711","+260","0","+441"
2024/10/14,"2,623.29",▲,"26.38","+1.02%","85,254","-4,562","+915","+3,281","+2,476","+9","-92","-32","-31","+897","+54","0","+376"
2024/10/11,"2,596.91",▼,"-2.25","-0.09%","95,484","+2,849","-5,991","+2,775","+1,751","+321","-145","+5","-25","+712","+157","0","+339"
2024/10/10,"2,599.16",▲,"4.80","+0.19%","138,675","+1,477","+1,626","-2,955","-4,394","+110","+238","-20","-14","+1,184","-59","0","-128"
2024/10/08,"2,594.36",▼,"-16.02","-0.61%","91,682","+6,978","-3,810","-3,498","-3,243","-41","-176","-42","-16","+47","-27","0","+286"
2024/10/07,"2,610.38",▲,"40.67","+1.58%","103,789","-1,462","+292","+856","-638","+112","+253","+33","-15","+869","+242","0","+316"
2024/10/04,"2,569.71",▲,"8.02","+0.31%","100,165","+672","+428","-2,173","-1,695","+50","-77","-5","-22","-652","+228","0","+1,068"
2024/10/02,"2,561.69",▼,"-31.58","-1.22%","96,078","+9,868","-3,074","-7,059","-6,226","-38","-327","-9","-13","-212","-234","0","+239"
2024/09/30,"2,593.27",▼,"-56.51","-2.13%","108,068","+11,892","-10,032","-2,135","-1,718","-66","+41","-45","+9","-234","-122","0","+244"
2024/09/27,"2,649.78",▼,"-21.79","-0.82%","119,870","+1,776","+2,659","-4,312","-4,220","+41","+32","-33","+18","+21","-171","0","-118"
2024/09/26,"2,671.57",▲,"75.25","+2.90%","116,024","-12,634","+4,953","+8,021","+6,989","+56","+520","-48","+39","+43","+422","0","-294"
2024/09/25,"2,596.32",▼,"-35.36","-1.34%","116,714","+348","-5,701","+5,496","+7,073","-140","-814","-52","+20","-463","-128","0","-124"
2024/09/24,"2,631.68",▲,"29.67","+1.14%","103,383","-2,101","-3,773","+5,721","+5,521","+13","+2","-11","-3","+65","+134","0","+169"
2024/09/23,"2,602.01",▲,"8.64","+0.33%","95,264","+3,713","-7,023","+3,443","+2,808","-9","+99","-45","-15","+281","+323","0","-137"
2024/09/20,"2,593.37",▲,"12.57","+0.49%","142,765","-2,444","-337","+2,728","+2,343","-203","+280","-8","+25","+140","+151","0","+42"
2024/09/19,"2,580.80",▲,"5.39","+0.21%","128,710","+2,641","-11,756","+8,791","+8,877","-21","-12","-131","-3","+107","-26","0","+278"
2024/09/13,"2,575.41",▲,"3.32","+0.13%","84,220","+4,037","-9,577","+4,366","+2,758","-58","+369","-30","-26","+710","+642","0","+1,194"
2024/09/12,"2,572.09",▲,"58.72","+2.34%","112,823","-2,424","+2,782","+256","-1,669","+537","+1,436","-46","-74","-438","+510","0","-616"
2024/09/11,"2,513.37",▼,"-10.06","-0.40%","96,230","+8,907","-10,351","+425","+801","-153","-395","-18","+4","+193","-6","0","+952"
2024/09/10,"2,523.43",▼,"-12.50","-0.49%","84,218","+6,851","-6,708","-600","-1,030","-57","+119","+17","-47","+371","+28","0","+403"
2024/09/09,"2,535.93",▼,"-8.35","-0.33%","74,543","+4,694","-5,422","+452","-86","+128","+144","-74","+25","+357","-42","0","+257"
2024/09/06,"2,544.28",▼,"-31.22","-1.21%","86,853","+1,708","-2,661","+829","+1,265","-11","-292","-57","-4","+9","-81","0","+112"
2024/09/05,"2,575.50",▼,"-5.30","-0.21%","101,897","+4,652","-5,858","+1,203","+560","+38","-29","-6","-91","+524","+208","0","+43"
